{
  "page_id": "p01",
  "n_tokens": 92,
  "n_latin_chars": 553,
  "n_words": 125,
  "n_syllables": 171,
  "ratio_token_latin": 0.16636528028933092,
  "ratio_token_words": 0.736,
  "ratio_token_syllables": 0.5380116959064327,
  "avg_latin_per_token": 6.010869565217392,
  "avg_words_per_token": 1.358695652173913,
  "token_sequence": [
    "G02",
    "G05",
    "G07",
    "G10",
    "G18",
    "G18",
    "G01",
    "G03",
    "G06",
    "G08",
    "G09",
    "G19",
    "G11",
    "G14",
    "G17",
    "G25",
    "G09",
    "G05",
    "G19",
    "G25",
    "G19",
    "G29",
    "G29",
    "G25",
    "G11",
    "G29",
    "G25",
    "G25",
    "G07",
    "G29",
    "G29",
    "G29",
    "G29",
    "G06",
    "G05",
    "G25",
    "G06",
    "G05",
    "G07",
    "G18",
    "G19",
    "G25",
    "G25",
    "G19",
    "G19",
    "G25",
    "G05",
    "G18",
    "G05",
    "G02",
    "G05",
    "G29",
    "G10",
    "G03",
    "G25",
    "G25",
    "G25",
    "G07",
    "G05",
    "G25",
    "G11",
    "G03",
    "G19",
    "G06",
    "G06",
    "G18",
    "G05",
    "G29",
    "G25",
    "G03",
    "G19",
    "G25",
    "G10",
    "G11",
    "G14",
    "G05",
    "G05",
    "G07",
    "G05",
    "G17",
    "G06",
    "G08",
    "G09",
    "G19",
    "G05",
    "G19",
    "G25",
    "G06",
    "G03",
    "G09",
    "G25",
    "G25"
  ]
}