{
  "page_id": "p02",
  "n_tokens": 68,
  "n_latin_chars": 490,
  "n_words": 116,
  "n_syllables": 153,
  "ratio_token_latin": 0.13877551020408163,
  "ratio_token_words": 0.5862068965517241,
  "ratio_token_syllables": 0.4444444444444444,
  "avg_latin_per_token": 7.205882352941177,
  "avg_words_per_token": 1.7058823529411764,
  "token_sequence": [
    "G19",
    "G06",
    "G25",
    "G10",
    "G07",
    "G05",
    "G10",
    "G19",
    "G25",
    "G05",
    "G09",
    "G05",
    "G25",
    "G18",
    "G29",
    "G18",
    "G25",
    "G29",
    "G05",
    "G25",
    "G18",
    "G29",
    "G18",
    "G06",
    "G05",
    "G25",
    "G18",
    "G05",
    "G10",
    "G10",
    "G25",
    "G25",
    "G19",
    "G11",
    "G14",
    "G05",
    "G18",
    "G25",
    "G25",
    "G29",
    "G25",
    "G09",
    "G11",
    "G14",
    "G05",
    "G05",
    "G19",
    "G25",
    "G14",
    "G25",
    "G25",
    "G25",
    "G09",
    "G17",
    "G29",
    "G18",
    "G18",
    "G18",
    "G29",
    "G17",
    "G18",
    "G10",
    "G18",
    "G18",
    "G17",
    "G19",
    "G29",
    "G03"
  ]
}