{
  "page_id": "p03",
  "n_tokens": 83,
  "n_latin_chars": 578,
  "n_words": 135,
  "n_syllables": 188,
  "ratio_token_latin": 0.14359861591695502,
  "ratio_token_words": 0.6148148148148148,
  "ratio_token_syllables": 0.44148936170212766,
  "avg_latin_per_token": 6.963855421686747,
  "avg_words_per_token": 1.6265060240963856,
  "token_sequence": [
    "G05",
    "G19",
    "G19",
    "G09",
    "G14",
    "G25",
    "G25",
    "G19",
    "G29",
    "G02",
    "G18",
    "G09",
    "G03",
    "G14",
    "G25",
    "G07",
    "G05",
    "G10",
    "G05",
    "G03",
    "G25",
    "G07",
    "G05",
    "G07",
    "G18",
    "G06",
    "G29",
    "G29",
    "G11",
    "G03",
    "G18",
    "G29",
    "G25",
    "G25",
    "G11",
    "G01",
    "G18",
    "G25",
    "G25",
    "G01",
    "G18",
    "G17",
    "G03",
    "G05",
    "G25",
    "G18",
    "G25",
    "G29",
    "G29",
    "G05",
    "G19",
    "G25",
    "G25",
    "G11",
    "G03",
    "G11",
    "G05",
    "G10",
    "G18",
    "G25",
    "G11",
    "G03",
    "G29",
    "G19",
    "G25",
    "G19",
    "G25",
    "G18",
    "G14",
    "G18",
    "G29",
    "G25",
    "G19",
    "G25",
    "G03",
    "G14",
    "G25",
    "G06",
    "G07",
    "G05",
    "G25",
    "G19",
    "G25"
  ]
}