{
  "page_id": "p04",
  "n_tokens": 92,
  "n_latin_chars": 688,
  "n_words": 173,
  "n_syllables": 229,
  "ratio_token_latin": 0.13372093023255813,
  "ratio_token_words": 0.5317919075144508,
  "ratio_token_syllables": 0.4017467248908297,
  "avg_latin_per_token": 7.478260869565218,
  "avg_words_per_token": 1.8804347826086956,
  "token_sequence": [
    "G05",
    "G25",
    "G09",
    "G11",
    "G19",
    "G01",
    "G29",
    "G25",
    "G18",
    "G18",
    "G25",
    "G05",
    "G19",
    "G06",
    "G25",
    "G17",
    "G05",
    "G18",
    "G18",
    "G18",
    "G03",
    "G11",
    "G29",
    "G05",
    "G29",
    "G25",
    "G06",
    "G25",
    "G29",
    "G19",
    "G07",
    "G18",
    "G25",
    "G25",
    "G05",
    "G09",
    "G25",
    "G11",
    "G06",
    "G08",
    "G19",
    "G17",
    "G05",
    "G29",
    "G18",
    "G11",
    "G19",
    "G05",
    "G14",
    "G25",
    "G19",
    "G25",
    "G06",
    "G05",
    "G29",
    "G18",
    "G29",
    "G11",
    "G03",
    "G18",
    "G18",
    "G18",
    "G19",
    "G03",
    "G06",
    "G03",
    "G11",
    "G25",
    "G14",
    "G25",
    "G14",
    "G19",
    "G05",
    "G25",
    "G25",
    "G07",
    "G29",
    "G25",
    "G19",
    "G19",
    "G07",
    "G03",
    "G25",
    "G05",
    "G25",
    "G25",
    "G29",
    "G02",
    "G29",
    "G03",
    "G17",
    "G25"
  ]
}