{
  "page_id": "p05",
  "n_tokens": 21,
  "n_latin_chars": 603,
  "n_words": 326,
  "n_syllables": 204,
  "ratio_token_latin": 0.03482587064676617,
  "ratio_token_words": 0.06441717791411043,
  "ratio_token_syllables": 0.10294117647058823,
  "avg_latin_per_token": 28.714285714285715,
  "avg_words_per_token": 15.523809523809524,
  "token_sequence": [
    "G29",
    "G14",
    "G03",
    "G25",
    "G09",
    "G18",
    "G25",
    "G07",
    "G25",
    "G25",
    "G03",
    "G09",
    "G29",
    "G25",
    "G25",
    "G06",
    "G25",
    "G25",
    "G29",
    "G29",
    "G25"
  ]
}