{
  "page_id": "p06",
  "n_tokens": 13,
  "n_latin_chars": 603,
  "n_words": 326,
  "n_syllables": 204,
  "ratio_token_latin": 0.02155887230514096,
  "ratio_token_words": 0.03987730061349693,
  "ratio_token_syllables": 0.06372549019607843,
  "avg_latin_per_token": 46.38461538461539,
  "avg_words_per_token": 25.076923076923077,
  "token_sequence": [
    "G25",
    "G05",
    "G06",
    "G18",
    "G29",
    "G25",
    "G05",
    "G29",
    "G25",
    "G19",
    "G19",
    "G29",
    "G29"
  ]
}