{
  "page_id": "p07",
  "n_tokens": 35,
  "n_latin_chars": 271,
  "n_words": 69,
  "n_syllables": 91,
  "ratio_token_latin": 0.12915129151291513,
  "ratio_token_words": 0.5072463768115942,
  "ratio_token_syllables": 0.38461538461538464,
  "avg_latin_per_token": 7.742857142857143,
  "avg_words_per_token": 1.9714285714285715,
  "token_sequence": [
    "G18",
    "G07",
    "G29",
    "G25",
    "G14",
    "G03",
    "G07",
    "G18",
    "G29",
    "G25",
    "G09",
    "G19",
    "G19",
    "G18",
    "G10",
    "G08",
    "G18",
    "G25",
    "G25",
    "G19",
    "G29",
    "G17",
    "G07",
    "G10",
    "G05",
    "G18",
    "G03",
    "G10",
    "G07",
    "G19",
    "G25",
    "G25",
    "G29",
    "G19",
    "G29"
  ]
}