{
  "page_id": "p08",
  "n_tokens": 19,
  "n_latin_chars": 228,
  "n_words": 56,
  "n_syllables": 75,
  "ratio_token_latin": 0.08333333333333333,
  "ratio_token_words": 0.3392857142857143,
  "ratio_token_syllables": 0.25333333333333335,
  "avg_latin_per_token": 12.0,
  "avg_words_per_token": 2.9473684210526314,
  "token_sequence": [
    "G18",
    "G03",
    "G19",
    "G29",
    "G29",
    "G18",
    "G09",
    "G02",
    "G18",
    "G19",
    "G03",
    "G25",
    "G18",
    "G18",
    "G03",
    "G17",
    "G14",
    "G25",
    "G03"
  ]
}