{
  "page_id": "p09",
  "n_tokens": 50,
  "n_latin_chars": 439,
  "n_words": 104,
  "n_syllables": 148,
  "ratio_token_latin": 0.11389521640091116,
  "ratio_token_words": 0.4807692307692308,
  "ratio_token_syllables": 0.33783783783783783,
  "avg_latin_per_token": 8.78,
  "avg_words_per_token": 2.08,
  "token_sequence": [
    "G18",
    "G10",
    "G05",
    "G25",
    "G25",
    "G29",
    "G14",
    "G10",
    "G07",
    "G25",
    "G29",
    "G19",
    "G14",
    "G29",
    "G25",
    "G05",
    "G05",
    "G06",
    "G10",
    "G19",
    "G19",
    "G07",
    "G10",
    "G10",
    "G09",
    "G19",
    "G14",
    "G06",
    "G03",
    "G03",
    "G07",
    "G29",
    "G19",
    "G09",
    "G06",
    "G17",
    "G01",
    "G29",
    "G29",
    "G25",
    "G25",
    "G10",
    "G29",
    "G19",
    "G25",
    "G18",
    "G25",
    "G05",
    "G19",
    "G14"
  ]
}