{
  "page_id": "p10",
  "n_tokens": 99,
  "n_latin_chars": 757,
  "n_words": 190,
  "n_syllables": 245,
  "ratio_token_latin": 0.130779392338177,
  "ratio_token_words": 0.5210526315789473,
  "ratio_token_syllables": 0.40408163265306124,
  "avg_latin_per_token": 7.646464646464646,
  "avg_words_per_token": 1.9191919191919191,
  "token_sequence": [
    "G07",
    "G29",
    "G05",
    "G14",
    "G25",
    "G09",
    "G17",
    "G29",
    "G29",
    "G25",
    "G19",
    "G25",
    "G14",
    "G25",
    "G29",
    "G18",
    "G18",
    "G05",
    "G25",
    "G06",
    "G05",
    "G25",
    "G19",
    "G09",
    "G10",
    "G29",
    "G29",
    "G25",
    "G19",
    "G18",
    "G10",
    "G07",
    "G02",
    "G25",
    "G03",
    "G06",
    "G25",
    "G19",
    "G29",
    "G07",
    "G09",
    "G14",
    "G25",
    "G14",
    "G19",
    "G18",
    "G07",
    "G05",
    "G18",
    "G18",
    "G10",
    "G09",
    "G05",
    "G10",
    "G29",
    "G18",
    "G18",
    "G10",
    "G09",
    "G19",
    "G18",
    "G19",
    "G29",
    "G29",
    "G19",
    "G25",
    "G09",
    "G09",
    "G19",
    "G19",
    "G05",
    "G25",
    "G25",
    "G10",
    "G25",
    "G29",
    "G25",
    "G14",
    "G05",
    "G10",
    "G25",
    "G14",
    "G25",
    "G18",
    "G18",
    "G19",
    "G25",
    "G18",
    "G18",
    "G05",
    "G19",
    "G09",
    "G19",
    "G18",
    "G18",
    "G07",
    "G09",
    "G19",
    "G19"
  ]
}