{
  "page_id": "p11",
  "n_tokens": 82,
  "n_latin_chars": 639,
  "n_words": 158,
  "n_syllables": 214,
  "ratio_token_latin": 0.12832550860719874,
  "ratio_token_words": 0.5189873417721519,
  "ratio_token_syllables": 0.38317757009345793,
  "avg_latin_per_token": 7.7926829268292686,
  "avg_words_per_token": 1.9268292682926829,
  "token_sequence": [
    "G03",
    "G14",
    "G19",
    "G25",
    "G02",
    "G03",
    "G25",
    "G25",
    "G02",
    "G05",
    "G03",
    "G01",
    "G29",
    "G25",
    "G19",
    "G25",
    "G25",
    "G03",
    "G25",
    "G18",
    "G10",
    "G03",
    "G25",
    "G07",
    "G02",
    "G09",
    "G01",
    "G03",
    "G01",
    "G18",
    "G06",
    "G18",
    "G25",
    "G01",
    "G10",
    "G29",
    "G18",
    "G18",
    "G25",
    "G25",
    "G05",
    "G25",
    "G03",
    "G29",
    "G02",
    "G19",
    "G01",
    "G03",
    "G19",
    "G25",
    "G25",
    "G10",
    "G29",
    "G19",
    "G19",
    "G17",
    "G19",
    "G19",
    "G10",
    "G25",
    "G05",
    "G14",
    "G01",
    "G25",
    "G29",
    "G09",
    "G25",
    "G18",
    "G18",
    "G19",
    "G25",
    "G01",
    "G18",
    "G25",
    "G05",
    "G03",
    "G25",
    "G19",
    "G29",
    "G25",
    "G01",
    "G25"
  ]
}