{
  "page_id": "p12",
  "n_tokens": 93,
  "n_latin_chars": 719,
  "n_words": 186,
  "n_syllables": 236,
  "ratio_token_latin": 0.12934631432545202,
  "ratio_token_words": 0.5,
  "ratio_token_syllables": 0.3940677966101695,
  "avg_latin_per_token": 7.731182795698925,
  "avg_words_per_token": 2.0,
  "token_sequence": [
    "G07",
    "G07",
    "G29",
    "G17",
    "G05",
    "G05",
    "G18",
    "G25",
    "G19",
    "G19",
    "G07",
    "G25",
    "G19",
    "G14",
    "G18",
    "G03",
    "G25",
    "G18",
    "G07",
    "G19",
    "G18",
    "G18",
    "G03",
    "G05",
    "G25",
    "G29",
    "G10",
    "G18",
    "G29",
    "G29",
    "G03",
    "G19",
    "G29",
    "G18",
    "G25",
    "G19",
    "G03",
    "G18",
    "G18",
    "G03",
    "G03",
    "G25",
    "G03",
    "G29",
    "G25",
    "G07",
    "G18",
    "G18",
    "G05",
    "G25",
    "G18",
    "G09",
    "G25",
    "G19",
    "G29",
    "G14",
    "G25",
    "G07",
    "G08",
    "G09",
    "G18",
    "G14",
    "G06",
    "G19",
    "G18",
    "G19",
    "G19",
    "G25",
    "G19",
    "G25",
    "G01",
    "G10",
    "G29",
    "G19",
    "G19",
    "G25",
    "G25",
    "G25",
    "G18",
    "G25",
    "G18",
    "G14",
    "G18",
    "G06",
    "G03",
    "G03",
    "G25",
    "G25",
    "G07",
    "G25",
    "G25",
    "G19",
    "G10"
  ]
}