{
  "page_id": "p13",
  "n_tokens": 97,
  "n_latin_chars": 741,
  "n_words": 165,
  "n_syllables": 247,
  "ratio_token_latin": 0.13090418353576247,
  "ratio_token_words": 0.5878787878787879,
  "ratio_token_syllables": 0.39271255060728744,
  "avg_latin_per_token": 7.639175257731959,
  "avg_words_per_token": 1.7010309278350515,
  "token_sequence": [
    "G25",
    "G25",
    "G19",
    "G19",
    "G06",
    "G25",
    "G29",
    "G25",
    "G01",
    "G05",
    "G02",
    "G03",
    "G06",
    "G25",
    "G19",
    "G03",
    "G14",
    "G25",
    "G07",
    "G07",
    "G29",
    "G25",
    "G19",
    "G01",
    "G17",
    "G02",
    "G07",
    "G05",
    "G25",
    "G25",
    "G03",
    "G06",
    "G09",
    "G08",
    "G29",
    "G18",
    "G25",
    "G19",
    "G25",
    "G05",
    "G29",
    "G19",
    "G19",
    "G19",
    "G29",
    "G14",
    "G19",
    "G19",
    "G07",
    "G18",
    "G01",
    "G01",
    "G02",
    "G06",
    "G03",
    "G03",
    "G18",
    "G25",
    "G19",
    "G19",
    "G07",
    "G01",
    "G02",
    "G25",
    "G18",
    "G03",
    "G25",
    "G07",
    "G18",
    "G19",
    "G29",
    "G03",
    "G19",
    "G01",
    "G25",
    "G18",
    "G02",
    "G14",
    "G25",
    "G18",
    "G18",
    "G25",
    "G10",
    "G18",
    "G25",
    "G29",
    "G09",
    "G29",
    "G25",
    "G25",
    "G25",
    "G25",
    "G05",
    "G06",
    "G25",
    "G05",
    "G25"
  ]
}