{
  "page_id": "p14",
  "n_tokens": 62,
  "n_latin_chars": 599,
  "n_words": 142,
  "n_syllables": 196,
  "ratio_token_latin": 0.10350584307178631,
  "ratio_token_words": 0.43661971830985913,
  "ratio_token_syllables": 0.3163265306122449,
  "avg_latin_per_token": 9.661290322580646,
  "avg_words_per_token": 2.2903225806451615,
  "token_sequence": [
    "G18",
    "G25",
    "G29",
    "G10",
    "G05",
    "G14",
    "G10",
    "G25",
    "G03",
    "G05",
    "G25",
    "G25",
    "G18",
    "G25",
    "G06",
    "G08",
    "G03",
    "G05",
    "G29",
    "G02",
    "G10",
    "G01",
    "G25",
    "G03",
    "G25",
    "G25",
    "G25",
    "G06",
    "G03",
    "G18",
    "G25",
    "G19",
    "G10",
    "G29",
    "G25",
    "G19",
    "G03",
    "G10",
    "G25",
    "G29",
    "G10",
    "G25",
    "G25",
    "G06",
    "G05",
    "G19",
    "G06",
    "G25",
    "G18",
    "G25",
    "G03",
    "G18",
    "G07",
    "G18",
    "G10",
    "G03",
    "G25",
    "G18",
    "G05",
    "G25",
    "G08",
    "G29"
  ]
}