{
  "page_id": "p15",
  "n_tokens": 82,
  "n_latin_chars": 671,
  "n_words": 163,
  "n_syllables": 228,
  "ratio_token_latin": 0.12220566318926974,
  "ratio_token_words": 0.5030674846625767,
  "ratio_token_syllables": 0.35964912280701755,
  "avg_latin_per_token": 8.182926829268293,
  "avg_words_per_token": 1.9878048780487805,
  "token_sequence": [
    "G10",
    "G25",
    "G18",
    "G25",
    "G03",
    "G03",
    "G07",
    "G06",
    "G25",
    "G14",
    "G10",
    "G10",
    "G25",
    "G06",
    "G03",
    "G18",
    "G18",
    "G18",
    "G29",
    "G25",
    "G29",
    "G18",
    "G19",
    "G10",
    "G25",
    "G05",
    "G25",
    "G03",
    "G25",
    "G10",
    "G25",
    "G18",
    "G07",
    "G09",
    "G09",
    "G03",
    "G08",
    "G09",
    "G19",
    "G29",
    "G02",
    "G05",
    "G07",
    "G07",
    "G03",
    "G09",
    "G19",
    "G25",
    "G08",
    "G09",
    "G19",
    "G09",
    "G25",
    "G10",
    "G29",
    "G18",
    "G10",
    "G18",
    "G03",
    "G19",
    "G03",
    "G07",
    "G18",
    "G03",
    "G19",
    "G29",
    "G07",
    "G05",
    "G25",
    "G17",
    "G01",
    "G10",
    "G09",
    "G19",
    "G19",
    "G18",
    "G18",
    "G07",
    "G09",
    "G19",
    "G06",
    "G19"
  ]
}