{
  "page_id": "p16",
  "n_tokens": 59,
  "n_latin_chars": 623,
  "n_words": 153,
  "n_syllables": 214,
  "ratio_token_latin": 0.09470304975922954,
  "ratio_token_words": 0.38562091503267976,
  "ratio_token_syllables": 0.2757009345794392,
  "avg_latin_per_token": 10.559322033898304,
  "avg_words_per_token": 2.593220338983051,
  "token_sequence": [
    "G18",
    "G25",
    "G29",
    "G19",
    "G29",
    "G18",
    "G29",
    "G19",
    "G18",
    "G10",
    "G18",
    "G09",
    "G19",
    "G01",
    "G19",
    "G19",
    "G29",
    "G01",
    "G18",
    "G25",
    "G06",
    "G07",
    "G01",
    "G25",
    "G03",
    "G29",
    "G01",
    "G10",
    "G25",
    "G25",
    "G01",
    "G25",
    "G14",
    "G09",
    "G25",
    "G18",
    "G10",
    "G01",
    "G06",
    "G25",
    "G09",
    "G05",
    "G18",
    "G25",
    "G29",
    "G01",
    "G03",
    "G29",
    "G14",
    "G25",
    "G25",
    "G07",
    "G14",
    "G08",
    "G19",
    "G01",
    "G25",
    "G25",
    "G18"
  ]
}