{
  "total_samples": 818,
  "n_classes": 5,
  "n_clusters": 5,
  "k_fold": 5,
  "accuracy_at_k": {
    "k=1": {
      "mean": 0.9840490797546012,
      "std": 0.017177914110429467,
      "per_fold": [
        0.9877300613496932,
        0.9877300613496932,
        0.9938650306748467,
        1.0,
        0.950920245398773
      ]
    },
    "k=3": {
      "mean": 0.9815950920245399,
      "std": 0.010974566760735162,
      "per_fold": [
        0.9938650306748467,
        0.9754601226993865,
        0.9877300613496932,
        0.9877300613496932,
        0.9631901840490797
      ]
    },
    "k=5": {
      "mean": 0.9779141104294478,
      "std": 0.009181981317236649,
      "per_fold": [
        0.9877300613496932,
        0.9754601226993865,
        0.9877300613496932,
        0.9754601226993865,
        0.9631901840490797
      ]
    }
  },
  "confusion_pairs_top20": {
    "4->4": 254,
    "1->1": 241,
    "0->0": 151,
    "2->2": 145,
    "3->3": 6,
    "1->0": 5,
    "2->0": 4,
    "4->2": 3,
    "2->4": 3,
    "0->1": 2,
    "0->2": 1
  },
  "per_class_size": {
    "1": 248,
    "0": 154,
    "2": 152,
    "3": 6,
    "4": 258
  },
  "per_cluster_stats": {
    "GEOM_UNKNOWN_0001": {
      "size": 154,
      "intra_cluster_sim_mean": 0.9997490048408508,
      "intra_cluster_sim_max": 0.9999982118606567
    },
    "GEOM_UNKNOWN_0002": {
      "size": 248,
      "intra_cluster_sim_mean": 0.9981787204742432,
      "intra_cluster_sim_max": 0.9999999403953552
    },
    "GEOM_UNKNOWN_0003": {
      "size": 152,
      "intra_cluster_sim_mean": 0.9996371269226074,
      "intra_cluster_sim_max": 0.9999989867210388
    },
    "GEOM_UNKNOWN_0004": {
      "size": 6,
      "intra_cluster_sim_mean": 0.9999676942825317,
      "intra_cluster_sim_max": 0.9999980926513672
    },
    "GEOM_UNKNOWN_0005": {
      "size": 258,
      "intra_cluster_sim_mean": 0.9998918175697327,
      "intra_cluster_sim_max": 1.000000238418579
    }
  }
}