{
  "total_samples": 818,
  "n_classes": 5,
  "n_clusters": 5,
  "k_fold": 5,
  "accuracy_at_k": {
    "k=1": {
      "mean": 0.9472392638036808,
      "std": 0.015325148462327368,
      "per_fold": [
        0.9631901840490797,
        0.9631901840490797,
        0.950920245398773,
        0.9325153374233128,
        0.9263803680981595
      ]
    },
    "k=3": {
      "mean": 0.9533742331288344,
      "std": 0.015808710094141278,
      "per_fold": [
        0.9754601226993865,
        0.9570552147239264,
        0.9631901840490797,
        0.9386503067484663,
        0.9325153374233128
      ]
    },
    "k=5": {
      "mean": 0.9558282208588957,
      "std": 0.015226593430663652,
      "per_fold": [
        0.9631901840490797,
        0.9631901840490797,
        0.9754601226993865,
        0.9325153374233128,
        0.9447852760736196
      ]
    }
  },
  "confusion_pairs_top20": {
    "4->4": 254,
    "2->2": 241,
    "1->1": 145,
    "3->3": 134,
    "3->1": 15,
    "1->3": 7,
    "0->0": 5,
    "3->4": 3,
    "2->1": 3,
    "1->2": 2,
    "2->3": 2,
    "4->3": 2,
    "4->1": 1,
    "0->2": 1
  },
  "per_class_size": {
    "2": 248,
    "1": 154,
    "3": 152,
    "0": 6,
    "4": 258
  },
  "per_cluster_stats": {
    "GEOM_GEOMETRIC_CIRCLE_0004": {
      "size": 6,
      "intra_cluster_sim_mean": 0.9999924302101135,
      "intra_cluster_sim_max": 0.9999998211860657
    },
    "GEOM_LATIN_PRINT_0001": {
      "size": 154,
      "intra_cluster_sim_mean": 0.999980628490448,
      "intra_cluster_sim_max": 0.9999997615814209
    },
    "GEOM_LATIN_PRINT_0002": {
      "size": 248,
      "intra_cluster_sim_mean": 0.99937504529953,
      "intra_cluster_sim_max": 1.0000001192092896
    },
    "GEOM_LATIN_PRINT_0003": {
      "size": 152,
      "intra_cluster_sim_mean": 0.9999858736991882,
      "intra_cluster_sim_max": 0.9999998807907104
    },
    "GEOM_LATIN_PRINT_0005": {
      "size": 258,
      "intra_cluster_sim_mean": 0.9999868273735046,
      "intra_cluster_sim_max": 1.000000238418579
    }
  }
}