{
  "final_train_loss": 0.289655352460927,
  "final_val_accuracy": 0.7040816326530612,
  "n_samples": 997,
  "n_classes": 24,
  "rounds": 2,
  "epochs_per_round": 20
}