{
  "embedding_model": "models/symbols_20260704_075228/model.pt",
  "embedding_dim": 64,
  "n_crops": 818,
  "n_pages": 20,
  "n_blanks": 816,
  "n_colors": 2,
  "embedding_stats": {
    "mean_norm": 1.8679198026657104,
    "std_norm": 2.7272849082946777,
    "min": -3.608555316925049,
    "max": 3.468430995941162
  },
  "per_page_counts": {
    "p01": 2,
    "p02": 27,
    "p03": 57,
    "p05": 63,
    "p06": 63,
    "p07": 46,
    "p08": 108,
    "p09": 183,
    "p10": 10,
    "p11": 20,
    "p12": 8,
    "p13": 13,
    "p14": 17,
    "p15": 14,
    "p16": 113,
    "p17": 1,
    "p18": 1,
    "p20": 4,
    "p21": 18,
    "p22": 50
  }
}