{
  "phase": "V18.2 Phase 1 — Vollständige De-Konstruktion",
  "datum": "2026-07-08",
  "n_pass": 5,
  "n_tests": 5,
  "global": {
    "duration_s": 255.11183673469387,
    "rms": 0.26171091198921204,
    "centroid_hz": 438.8206450337369,
    "band_distribution": {
      "0-100Hz": 0.625176040476892,
      "100-300Hz": 0.1242762436207738,
      "300-1000Hz": 0.1519947920246235,
      "1000-3000Hz": 0.06068782322352573,
      "3000-8000Hz": 0.03406298266159051,
      "8000-16000Hz": 0.0016121258318649743,
      "16000-22050Hz": 0.0021899921561662553
    },
    "top_15_peaks": [
      [
        75.3662109375,
        20.092539740545593
      ],
      [
        317.61474609375,
        1.0957387826258358
      ],
      [
        183.0322265625,
        0.7792945877369343
      ],
      [
        554.47998046875,
        0.6477925806427168
      ],
      [
        436.04736328125,
        0.2906005787445508
      ],
      [
        807.4951171875,
        0.22083139183151118
      ],
      [
        1937.98828125,
        0.1690193847810807
      ],
      [
        678.2958984375,
        0.1512292076386107
      ],
      [
        1593.45703125,
        0.11846709471206408
      ],
      [
        1410.4248046875,
        0.11599756528543725
      ],
      [
        3364.56298828125,
        0.10092566818251422
      ],
      [
        2976.96533203125,
        0.06317755878653193
      ],
      [
        1259.6923828125,
        0.05825811759842035
      ],
      [
        3149.23095703125,
        0.048930498157791574
      ],
      [
        936.6943359375,
        0.040355895144937884
      ]
    ]
  },
  "burumut_segments": [
    {
      "idx": 1,
      "t_start_s": 0.0,
      "t_end_s": 23.191972,
      "rms": 0.2128322273492813,
      "peak": 0.970458984375,
      "centroid_hz": 595.5787124004809,
      "band_distribution": {
        "0-100Hz": 0.5155288924103016,
        "100-300Hz": 0.06289183360442437,
        "300-1000Hz": 0.289725789065721,
        "1000-3000Hz": 0.061410852973589114,
        "3000-8000Hz": 0.06795628280978747,
        "8000-16000Hz": 0.0024863470181905635,
        "16000-22050Hz": 2.115492047676065e-09
      },
      "top_peak_hz": 75.3662109375,
      "top_peak_pct": 28.75452678805211
    },
    {
      "idx": 2,
      "t_start_s": 23.191972,
      "t_end_s": 46.383944,
      "rms": 0.26762399077415466,
      "peak": 1.0,
      "centroid_hz": 529.6090737005759,
      "band_distribution": {
        "0-100Hz": 0.5166095378458345,
        "100-300Hz": 0.10912049899795663,
        "300-1000Hz": 0.24327421953665349,
        "1000-3000Hz": 0.08040287073859598,
        "3000-8000Hz": 0.049313630955887464,
        "8000-16000Hz": 0.0012792399948384646,
        "16000-22050Hz": 1.9273049833620884e-09
      },
      "top_peak_hz": 75.3662109375,
      "top_peak_pct": 17.38777869334919
    },
    {
      "idx": 3,
      "t_start_s": 46.383944,
      "t_end_s": 69.575916,
      "rms": 0.27539682388305664,
      "peak": 0.99346923828125,
      "centroid_hz": 337.0198256358663,
      "band_distribution": {
        "0-100Hz": 0.6829499661016061,
        "100-300Hz": 0.10611296039505447,
        "300-1000Hz": 0.11384300361236625,
        "1000-3000Hz": 0.06624649492774241,
        "3000-8000Hz": 0.030642395195395845,
        "8000-16000Hz": 0.00020517836036134412,
        "16000-22050Hz": 1.4063126581261221e-09
      },
      "top_peak_hz": 75.3662109375,
      "top_peak_pct": 21.490196011974525
    },
    {
      "idx": 4,
      "t_start_s": 69.575916,
      "t_end_s": 92.767888,
      "rms": 0.24567139148712158,
      "peak": 0.986053466796875,
      "centroid_hz": 573.7962193274901,
      "band_distribution": {
        "0-100Hz": 0.6072765232162097,
        "100-300Hz": 0.17875177016408406,
        "300-1000Hz": 0.16794310112599167,
        "1000-3000Hz": 0.016969388947496382,
        "3000-8000Hz": 0.0075289804861437696,
        "8000-16000Hz": 0.004181408687697295,
        "16000-22050Hz": 0.01734882737152699
      },
      "top_peak_hz": 75.3662109375,
      "top_peak_pct": 21.27458586307369
    },
    {
      "idx": 5,
      "t_start_s": 92.767888,
      "t_end_s": 115.95985999999999,
      "rms": 0.24510066211223602,
      "peak": 0.99041748046875,
      "centroid_hz": 340.16174576039816,
      "band_distribution": {
        "0-100Hz": 0.5687778439037017,
        "100-300Hz": 0.17317275344668165,
        "300-1000Hz": 0.19618029745209425,
        "1000-3000Hz": 0.05148914968752682,
        "3000-8000Hz": 0.008161734758554626,
        "8000-16000Hz": 0.0022182201109489205,
        "16000-22050Hz": 6.401722290276041e-10
      },
      "top_peak_hz": 75.3662109375,
      "top_peak_pct": 21.056694797687086
    },
    {
      "idx": 6,
      "t_start_s": 115.95985999999999,
      "t_end_s": 139.151832,
      "rms": 0.2764444649219513,
      "peak": 0.982666015625,
      "centroid_hz": 432.8732375330555,
      "band_distribution": {
        "0-100Hz": 0.6648457216535963,
        "100-300Hz": 0.08504756263152469,
        "300-1000Hz": 0.12027323682789243,
        "1000-3000Hz": 0.07205752186976083,
        "3000-8000Hz": 0.057668685034231594,
        "8000-16000Hz": 0.00010727072530169752,
        "16000-22050Hz": 1.2567016054728814e-09
      },
      "top_peak_hz": 75.3662109375,
      "top_peak_pct": 18.4836809318753
    },
    {
      "idx": 7,
      "t_start_s": 139.151832,
      "t_end_s": 162.343804,
      "rms": 0.24572646617889404,
      "peak": 1.0,
      "centroid_hz": 896.4011624863167,
      "band_distribution": {
        "0-100Hz": 0.4552483787585385,
        "100-300Hz": 0.08194657088818595,
        "300-1000Hz": 0.19796966141063654,
        "1000-3000Hz": 0.14058248302854426,
        "3000-8000Hz": 0.1213091964943397,
        "8000-16000Hz": 0.0029436838791242555,
        "16000-22050Hz": 2.5519379425114838e-08
      },
      "top_peak_hz": 75.3662109375,
      "top_peak_pct": 17.01850518841584
    },
    {
      "idx": 8,
      "t_start_s": 162.343804,
      "t_end_s": 185.535776,
      "rms": 0.24985498189926147,
      "peak": 0.994232177734375,
      "centroid_hz": 372.45585128959675,
      "band_distribution": {
        "0-100Hz": 0.6356094697642476,
        "100-300Hz": 0.10435897488722479,
        "300-1000Hz": 0.13860609571275945,
        "1000-3000Hz": 0.09497421924352367,
        "3000-8000Hz": 0.026323730594603568,
        "8000-16000Hz": 0.00012750784594476352,
        "16000-22050Hz": 1.9493550415414236e-09
      },
      "top_peak_hz": 75.3662109375,
      "top_peak_pct": 26.338636607833543
    },
    {
      "idx": 9,
      "t_start_s": 185.535776,
      "t_end_s": 208.727748,
      "rms": 0.3078642785549164,
      "peak": 1.0,
      "centroid_hz": 304.3668353594672,
      "band_distribution": {
        "0-100Hz": 0.6867004318773439,
        "100-300Hz": 0.1323797190080198,
        "300-1000Hz": 0.12505806837871986,
        "1000-3000Hz": 0.04459831585563989,
        "3000-8000Hz": 0.008225885825374084,
        "8000-16000Hz": 0.003037505908765961,
        "16000-22050Hz": 7.313458817805833e-08
      },
      "top_peak_hz": 75.3662109375,
      "top_peak_pct": 17.297249456602508
    },
    {
      "idx": 10,
      "t_start_s": 208.727748,
      "t_end_s": 231.91971999999998,
      "rms": 0.30068421363830566,
      "peak": 0.99822998046875,
      "centroid_hz": 287.3389889790315,
      "band_distribution": {
        "0-100Hz": 0.7236241550764972,
        "100-300Hz": 0.11778786497250944,
        "300-1000Hz": 0.09721947272049582,
        "1000-3000Hz": 0.030128941401655493,
        "3000-8000Hz": 0.03050879116686864,
        "8000-16000Hz": 0.0007307733542411233,
        "16000-22050Hz": 1.3060697956159179e-09
      },
      "top_peak_hz": 75.3662109375,
      "top_peak_pct": 17.380870465001248
    },
    {
      "idx": 11,
      "t_start_s": 231.91971999999998,
      "t_end_s": 255.111692,
      "rms": 0.23623026907444,
      "peak": 0.9649658203125,
      "centroid_hz": 117.66686314689339,