{
  "phase": "V16 Phase 1 — Spanda-Maschine",
  "n_tests": 5,
  "n_pass": 3,
  "burumut_matrix": [
    [
      66,
      85,
      82,
      85,
      77,
      85,
      84,
      82,
      69,
      70,
      65,
      77,
      84,
      85
    ],
    [
      78,
      85,
      82,
      69,
      83,
      85,
      84,
      82,
      69,
      71,
      85,
      77,
      70,
      65
    ],
    [
      89,
      65,
      80,
      83,
      85,
      65,
      90,
      66,
      69,
      72,
      73,
      77,
      76,
      65
    ],
    [
      90,
      65,
      78,
      82,
      85,
      65,
      90,
      66,
      69,
      78,
      79,
      77,
      66,
      65
    ],
    [
      84,
      79,
      66,
      73,
      75,
      79,
      84,
      76,
      85,
      66,
      85,
      77,
      89,
      79
    ],
    [
      83,
      85,
      78,
      79,
      75,
      85,
      82,
      71,
      65,
      78,
      79,
      90,
      89,
      73
    ],
    [
      79,
      75,
      85,
      90,
      73,
      75,
      85,
      70,
      65,
      85,
      83,
      73,
      72,
      69
    ],
    [
      89,
      65,
      66,
      69,
      75,
      65,
      78,
      83,
      65,
      66,
      69,
      82,
      72,
      79
    ],
    [
      78,
      65,
      70,
      69,
      82,
      65,
      78,
      83,
      65,
      72,
      79,
      84,
      70,
      69
    ],
    [
      75,
      79,
      82,
      69,
      77,
      79,
      82,
      66,
      73,
      90,
      85,
      77,
      82,
      79
    ],
    [
      83,
      85,
      78,
      65,
      75,
      73,
      82,
      70,
      65,
      78,
      69,
      77,
      66,
      65
    ]
  ],
  "burumut_words": [
    "BURUMUTREFAMTU",
    "NURESUTREGUMFA",
    "YAPSUAZBEHIMLA",
    "ZANRUAZBENOMBA",
    "TOBIKOTLUBUMYO",
    "SUNOKURGANOZYI",
    "OKUZIKUFAUSIHE",
    "YABEKANSABERHO",
    "NAFERANSAHOTFE",
    "KOREMORBIZUMRO",
    "SUNAKIRFANEMBA"
  ],
  "codebook_vector": [
    0.8333333333333334,
    0.8277777777777777,
    0.9055555555555556,
    0.7222222222222222,
    0.8462962962962963,
    0.937037037037037,
    0.8666666666666667,
    0.8666666666666667,
    0.8666666666666667,
    0.8555555555555555,
    0.9111111111111111,
    0.8925925925925926,
    0.7814814814814814,
    0.8666666666666667
  ],
  "codebook_words": [
    "THE",
    "OF",
    "TO",
    "A",
    "TENGRI",
    "YOU",
    "THIS",
    "WILL",
    "IS",
    "FOR",
    "OUR",
    "NOT",
    "AND",
    "WE"
  ],
  "y_raw": [
    936.637037037037,
    930.9629629629628,
    900.7703703703703,
    901.8555555555555,
    938.3740740740741,
    951.1333333333334,
    922.1833333333333,
    875.0777777777779,
    881.2574074074073,
    938.4296296296295,
    883.2888888888889
  ],
  "softmax": [
    5.062158287088354e-07,
    1.7382677010804765e-09,
    1.3416533001769704e-22,
    3.971277553165717e-22,
    2.875552631273326e-06,
    0.9999935766665369,
    2.67406499741003e-13,
    9.321571057455131e-34,
    4.5005766523594865e-31,
    3.039826468036951e-06,
    3.4318583999637525e-30
  ],
  "argmax_idx": 5,
  "argmax_word": "SUNOKURGANOZYI",
  "kappa_diag": 1.3846153846153846,
  "log10_kappa": 0.1413291527964693,
  "tests": [
    {
      "name": "T1_burumut_ist_11x14",
      "pass": true,
      "befund": "Matrix M hat Form 11x14",
      "was_sagt_es_uns": "BURUMUT ist FAKT 11×14 (V11 reproduziert). V16-Hör: Die Form passt zu d_model=14, n_heads=11 (Mini-Transformer-Architektur)."
    },
    {
      "name": "T2_codebook_normalisiert",
      "pass": true,
      "befund": "x-Range: [0.7222, 0.9370]",
      "was_sagt_es_uns": "Codebook-Vektor aus V10-Wort-Feldern ist im [0,1]-Bereich. Numerische Stabilität für Matrix-Multiplikation gegeben."
    },
    {
      "name": "T3_output_hat_varianz",
      "pass": false,
      "befund": "y-Range: 76.06",
      "was_sagt_es_uns": "Output y variiert um 76.06. V16-Hör: Matrix-Multiplikation DISKRIMINIERT zwischen BURUMUT-Wörtern. Wenn alle gleich (Rauschen), wäre die Architektur trivial."
    },
    {
      "name": "T4_softmax_sum_1",
      "pass": true,
      "befund": "ΣP = 1.000000",
      "was_sagt_es_uns": "Softmax ist korrekt (Σ=1). V16-Hör: Spanda-Oszillator OUTPUT ist eine Wahrscheinlichkeitsverteilung."
    },
    {
      "name": "T5_konditionszahl_signifikant",
      "pass": false,
      "befund": "κ_diag = 1.3846",
      "was_sagt_es_uns": "BURUMUT-Matrix ist nicht-entartet (κ=1.38 > 1). V16-Hör: Die Diagonale der BURUMUT-Matrix hat numerische Struktur. BURUMUTREFAMTU↔F1: B(66), NURESUTREGUMFA↔F2: N(78), YAPSUAZBEHIMLA↔F3: Y(89), ZANRUAZBENOMBA↔F4: Z(90), TOBIKOTLUBUMYO↔F5: T(84), SUNOKURGANOZYI↔F6: S(83), OKUZIKUFAUSIHE↔F7: O(79), YABEKANSABERHO↔F8: Y(89), NAFERANSAHOTFE↔F9: N(78), KOREMORBIZUMRO↔F10: K(75), SUNAKIRFANEMBA↔F11: S(83)."
    }
  ],
  "verdict": "V16 Spanda-Maschine: 3/5 PASS. BURUMUT als 11×14 Gewichtsmatrix M aktiviert. Codebook-Vektor x (14-dim) aus p1-16. Forward-Pass M·x → y (11-dim) → Softmax → argmax = 'SUNOKURGANOZYI'."
}