{
  "phase": "V21 Phase 1 \u2014 BURUMUT-Generator",
  "n_tests": 5,
  "n_pass": 5,
  "n_inputs": 15,
  "unique_argmax": 3,
  "p_max_mean": 0.9969931144771349,
  "mean_entropy": 0.015928930764863843,
  "max_entropy": 2.3978952727983707,
  "reproduzierbarkeit": "15/15",
  "results": [
    {
      "name": "R8_random_0",
      "type": "random",
      "x": [
        0.4388784397520523,
        0.8585979199113825,
        0.6973680290593639,
        0.09417734788764953,
        0.9756223516367559,
        0.761139701990353,
        0.7860643052769538,
        0.12811363267554587,
        0.45038593789556713,
        0.37079802423258124,
        0.9267649888486018,
        0.6438651200806645,
        0.82276161327083,
        0.44341419882733113
      ],
      "y": [
        657.142580784808,
        665.2751698443171,
        636.4358273056644,
        634.9435542851887,
        666.0276293897672,
        677.6189893114047,
        645.4587958061785,
        606.7458146827298,
        618.23748348238,
        669.6920723053015,
        626.9299892390355
      ],
      "softmax": [
        1.2795172771965245e-09,
        4.35496537716231e-06,
        1.300820523666958e-18,
        2.925037525791941e-19,
        9.24216536987839e-06,
        0.9996256393516261,
        1.0785562766325042e-14,
        1.6596202703539945e-31,
        1.6247145813061552e-26,
        0.0003607622380987717,
        9.680200711717606e-23
      ],
      "argmax_idx": 5,
      "argmax_word": "SUNOKURGANOZYI",
      "entropy": 0.003395075426035229,
      "p_max": 0.9996256393516261
    },
    {
      "name": "R77_random_1",
      "type": "random",
      "x": [
        0.2272387217847769,
        0.5545847870158348,
        0.06381725610417532,
        0.8276311719925821,
        0.6316643991220648,
        0.7580877400853738,
        0.35452596812986836,
        0.9706980243949033,
        0.8931211213221977,
        0.7783834970737619,
        0.19463870785196757,
        0.4667210037270342,
        0.04380376578722878,
        0.15428949206754783
      ],
      "y": [
        541.6675217326232,
        535.9143891286324,
        510.184624236207,
        514.8566928454729,
        534.2040764423809,
        537.4739083175501,
        528.7496031867088,
        498.93235959407946,
        507.0292810888845,
        528.373900087443,
        505.56375832761694
      ],
      "softmax": [
        0.9815061711735295,
        0.0031141483040017727,
        2.0847038935998276e-14,
        2.2289380270412787e-12,
        0.0005630668105511045,
        0.014812551358292307,
        2.4083094642822897e-06,
        2.705502468632527e-19,
        8.88579439685828e-16,
        1.6540419102268642e-06,
        2.0522384106875875e-16
      ],
      "argmax_idx": 0,
      "argmax_word": "BURUMUTREFAMTU",
      "entropy": 0.10295671696393334,
      "p_max": 0.9815061711735295
    },
    {
      "name": "R74_random_2",
      "type": "random",
      "x": [
        0.7447621559078171,
        0.96750973243421,
        0.32582535813815194,
        0.3704597060348689,
        0.4695558112758079,
        0.1894713590842857,
        0.12992150533547164,
        0.47570492622593374,
        0.2269093490508841,
        0.6698139946825103,
        0.43715191887233074,
        0.8326781960578374,
        0.7002651020022491,
        0.31236664138204107
      ],
      "y": [
        532.2297109373279,
        531.4186444957755,
        514.739134963781,
        514.1009311586841,
        536.5629374572713,
        556.081642884939,
        525.9913685924195,
        505.8838461462566,
        507.81321747386306,
        537.964432279547,
        514.3444795506301
      ],
      "softmax": [
        4.377615012450089e-11,
        1.945341649329112e-11,
        1.1096267924722963e-18,
        5.861496952947706e-19,
        3.3352925355744598e-09,
        0.9999999830558813,
        8.549877817134788e-14,
        1.5826098533766169e-22,
        1.0896554276639078e-21,
        1.3545511185393257e-08,
        7.477910556767213e-19
      ],
      "argmax_idx": 5,
      "argmax_word": "SUNOKURGANOZYI",
      "entropy": 3.2897290734671687e-07,
      "p_max": 0.9999999830558813
    },
    {
      "name": "R68_random_3",
      "type": "random",
      "x": [
        0.8322598013952011,
        0.8047643574968019,
        0.38747837903017446,
        0.2883281039302441,
        0.6824955039749755,
        0.1397524836093098,
        0.19990820247510832,
        0.007362269751005512,
        0.7869243775021384,
        0.6648508565920321,
        0.7051653786263351,
        0.7807290310219679,
        0.45891577553833995,
        0.5687411959528937
      ],
      "y": [
        555.1234970439222,
        561.5608516741546,
        552.4900142374331,
        555.8899288327646,
        576.2851423724645,
        581.808825720816,
        558.2716382456551,
        534.0029232245342,
        537.1724209303865,
        578.0336153135739,
        543.781716598176
      ],
      "softmax": [
        2.507095996564463e-12,
        1.566313017574536e-09,
        1.8007934914658874e-13,
        5.395454817590418e-12,
        0.003886482867415767,
        0.9737824776508244,
        5.839710470207167e-11,
        1.685086886917993e-21,
        4.009753388377397e-20,
        0.022331037848967037,
        2.97507761899865e-17
      ],
      "argmax_idx": 5,
      "argmax_word": "SUNOKURGANOZYI",
      "entropy": 0.13233942966624784,
      "p_max": 0.9737824776508244
    },
    {
      "name": "R3_random_4",
      "type": "random",
      "x": [
        0.11453007353597344,
        0.6684029617904717,
        0.4710962061431325,
        0.5652361064811888,
        0.7649988574160256,
        0.6347183200005908,
        0.5535794006579958,
        0.5592071607454135,
        0.3039500980626122,
        0.030817834567939406,
        0.43671738923236236,
        0.2145846728195292,
        0.40852864372463615,
        0.8534030732681661
      ],
      "y": [
        531.1549432116288,
        514.0532226765647,
        489.36728150107024,
        486.69430796139426,
        516.5886463835526,
        518.7739105335384,
        502.3274370867569,
        478.31108433331144,
        479.9207925761399,
        509.89776424696277,
        479.3046200112598
      ],
      "softmax": [
        0.9999952925920883,
        3.7395134204151346e-08,
        7.109631036792915e-19,
        4.9089589960375616e-20,
        4.7199306913945825e-07,
        4.197433102814851e-06,
        3.022533468705149e-13,
        1.122539526718611e-23,
        5.614215121459996e-23,
        5.863034239277166e-10,
        3.031717319488315e-23
      ],
      "argmax_idx": 0,
      "argmax_word": "BURUMUTREFAMTU",
      "entropy": 6.42031541114994e-05,
      "p_max": 0.9999952925920883
    },
    {
      "name": "codebook_v16",
      "type": "codebook",
      "x": [
        0.8333333333333334,
        0.8277777777777777,
        0.9055555555555556,
        0.7222222222222222,
        0.8462962962962963,
        0.937037037037037,
        0.8666666666666667,
        0.8666666666666667,
        0.8666666666666667,
        0.8555555555555555,
        0.9111111111111111,
        0.8925925925925926,
        0.7814814814814814,
        0.8666666666666667
      ],
      "y": [
        936.637037037037,
        930.9629629629628,
        900.7703703703703,
        901.8555555555555,
        938.3740740740741,
        951.1333333333334,
        922.1833333333333,
        875.0777777777779,
        881.2574074074073,
        938.4296296296295,
        883.2888888888889
      ],
      "softmax": [
        5.062158287088353e-07,
        1.738267701080476e-09,
        1.34165330017697e-22,
        3.971277553165716e-22,
        2.875552631273325e-06,
        0.9999935766665367,
        2.6740649974100297e-13,
        9.32157105745513e-34,
        4.500576652359486e-31,
        3.0398264680369505e-06,
        3.431858399963752e-30
      ],
      "argmax_idx": 5,